<?xml version="1.0" encoding="UTF-8"?>
<plugin_manifest xmlns="http://www.elgg.org/plugin_manifest/1.8">
	<name>KME</name>
	<author>Mohammed Aqeel @ Team Webgalli</author>
	<version>1.0</version>
	<category>Team Webgalli</category>
	<description>KME Theme</description>
	<website>http://www.webgalli.com/</website>
	<license>GNU General Public License version 2</license>
	<requires>
		<type>elgg_release</type>
		<version>1.8</version>
	</requires>
	<requires>
		<type>plugin</type>
		<name>causes</name>
		<priority>after</priority>
	</requires>
	<requires>
		<type>plugin</type>
		<name>event</name>
		<priority>after</priority>
	</requires>
	<requires>
		<type>plugin</type>
		<name>galliPermalinks</name>
		<priority>after</priority>
	</requires>	
</plugin_manifest>
