<?xml version="1.0" encoding="UTF-8"?>
<plugin_manifest xmlns="http://www.elgg.org/plugin_manifest/1.8">
	<name>Akismet</name>
	<author>Evan Winslow (evan@elgg.org)</author>
	<version>1.1b</version>
	<description>Eliminates spam using Akismet.</description>
	<website>http://github.com/ewinslow/elgg-akismet</website>
	<copyright>(C) Evan Winslow 2011</copyright>
	<license>GNU Public License version 2</license>
	<requires>
		<type>elgg_version</type>
		<version>2011031400</version>
	</requires>
	
	<screenshot>
		<description>Spam example</description>
		<path>screenshots/submitting-spam</path>
	</screenshot>
	<screenshot>
		<description>Spam getting pwned</description>
		<path>screenshots/catching-spam.png</path>
	</screenshot>
</plugin_manifest>
